motif_ID	motif_ALT_ID	seq_ID	site_Start	site_End	site_Strand	site_Score	site_Sequence
1-AAACAAAGYGAA	STREME-1	S4	515	526	-	21.23	AAACAAAGCGAA
1-AAACAAAGYGAA	STREME-1	S6	197	208	+	19.21	AAACAAAACGAA
1-AAACAAAGYGAA	STREME-1	S3	1082	1093	-	17.47	AAACAAAGTGGA
1-AAACAAAGYGAA	STREME-1	S8	496	507	+	16.19	AAACAAAGCAAA
1-AAACAAAGYGAA	STREME-1	S9	1135	1146	-	15.92	AAACAACGCGGC
1-AAACAAAGYGAA	STREME-1	S10	106	117	-	15.20	AAACAAAGGGCA
1-AAACAAAGYGAA	STREME-1	S5	241	252	+	15.11	AAACAAAGCTGA
1-AAACAAAGYGAA	STREME-1	S7	46	57	-	14.44	AAAAAAAGTGAA
1-AAACAAAGYGAA	STREME-1	S1	779	790	+	14.44	AAAAAAAGTGAA
1-AAACAAAGYGAA	STREME-1	S2	1172	1183	+	14.43	AGACAAAGGGAA
1-AAACAAAGYGAA	STREME-1	S3	1157	1168	+	14.43	AGACAAAGGGAA
#
2-AGAAAAATCAAA	STREME-2	S2	345	356	+	18.71	AGAAAAATCAAA
2-AGAAAAATCAAA	STREME-2	S10	289	300	+	17.74	ACAAAAATCAAA
2-AGAAAAATCAAA	STREME-2	S7	849	860	-	16.77	AGAAAAATCAAT
2-AGAAAAATCAAA	STREME-2	S1	268	279	+	15.97	AGAAAAATTAAA
2-AGAAAAATCAAA	STREME-2	S4	578	589	-	15.93	AGAAAAATCACA
2-AGAAAAATCAAA	STREME-2	S6	371	382	+	15.48	ACAAAAATAAAA
2-AGAAAAATCAAA	STREME-2	S8	564	575	+	15.10	AGTAAAATAAAA
2-AGAAAAATCAAA	STREME-2	S3	760	771	+	13.08	AGAACAGTCAAC
#
3-KAATGAAAAAAA	STREME-3	S2	1311	1322	+	18.70	TAATGAAAACAA
3-KAATGAAAAAAA	STREME-3	S1	1304	1315	+	18.70	TAATGAAAACAA
3-KAATGAAAAAAA	STREME-3	S6	518	529	+	18.16	GAATGAAAAAAA
3-KAATGAAAAAAA	STREME-3	S8	403	414	-	18.16	GAATGAAAAAAA
3-KAATGAAAAAAA	STREME-3	S4	1231	1242	+	16.99	TAATGAATAAAA
3-KAATGAAAAAAA	STREME-3	S9	695	706	+	15.36	GAGTGAAAAAAA
3-KAATGAAAAAAA	STREME-3	S10	1467	1478	+	14.95	GAATGGAATAAA
3-KAATGAAAAAAA	STREME-3	S4	212	223	-	11.72	TAATGAAAGAAA
3-KAATGAAAAAAA	STREME-3	S7	756	767	+	10.07	TAATGAATAAAT
#
4-AAACAAAATAAA	STREME-4	S2	1466	1477	+	19.29	AAACAAAATAAA
4-AAACAAAATAAA	STREME-4	S3	1466	1477	+	19.29	AAACAAAATAAA
4-AAACAAAATAAA	STREME-4	S4	1136	1147	-	17.40	AACCAAACTAAA
4-AAACAAAATAAA	STREME-4	S7	464	475	-	17.10	AAACCAAGTAAA
4-AAACAAAATAAA	STREME-4	S6	58	69	+	15.75	AAACAAAATATC
4-AAACAAAATAAA	STREME-4	S1	1462	1473	+	15.07	AAAAAAAATAAA
4-AAACAAAATAAA	STREME-4	S1	762	773	+	12.05	AAACAAACTAAG
4-AAACAAAATAAA	STREME-4	S8	496	507	+	10.66	AAACAAAGCAAA
4-AAACAAAATAAA	STREME-4	S6	54	65	+	10.40	AAACAAACAAAA
4-AAACAAAATAAA	STREME-4	S9	740	751	+	10.04	CACCAAAATAAA
#
5-GAGACTCACASM	STREME-5	S10	672	683	+	19.15	GAGACTCATCGA
5-GAGACTCACASM	STREME-5	S2	186	197	-	19.12	GAGACTCACACC
5-GAGACTCACASM	STREME-5	S1	117	128	-	19.12	GAGACTCACACC
5-GAGACTCACASM	STREME-5	S5	121	132	-	18.76	GAGACTCACAGA
5-GAGACTCACASM	STREME-5	S8	1225	1236	+	16.90	GAGAGTCACAGC
5-GAGACTCACASM	STREME-5	S4	249	260	-	16.31	GAGACTAACAAA
